scenario,method,method_name,run,exec_time,total_path_len,mean_path_len,fov_area,fov_coverage_eff,visibility,track_err,control_energy,min_inter_uav,sim_time
1,1,APF,1,0.008016040351953399,149.3983993843762,49.799466461458735,12.286735508288341,0.4550642780847534,100.0,0.7469426818713822,354.1304512361424,0.650473310431611,44.50000000000036
1,1,APF,2,0.005472761325621873,149.43289852757252,49.81096617585751,11.881283932554258,0.4400475530575651,100.0,0.746950173130675,355.2769266492303,0.650473310431611,44.50000000000036
1,1,APF,3,0.005183095074771495,149.4014139656042,49.800471321868066,12.105907809954918,0.44836695592425624,100.0,0.7469460867506956,354.078104271586,0.650473310431611,44.50000000000036
1,2,Purpose,1,0.15321082622370916,140.16769009777,46.72256336592333,20.17420545544233,0.7471927946460123,100.0,0.6522229746231889,123.30750762665744,0.40725025476225934,44.50000000000036
1,2,Purpose,2,0.1424617472659336,140.43579822338887,46.811932741129624,20.048164271869936,0.7425246026618496,100.0,0.6528171324784136,127.43104356035707,0.5591630776979724,44.50000000000036
1,2,Purpose,3,0.13728395097711113,140.7558890995531,46.91862969985103,20.065538423710997,0.7431680897670738,100.0,0.6523783378028378,129.5052376484941,0.4072502534753378,44.50000000000036
1,3,MPC,1,0.15913801711150322,144.2247557051705,48.07491856839017,6.796927246330067,0.2517380461603729,93.25842696629213,0.7636852446737582,66.26122611564978,0.39367484745318465,44.50000000000036
1,3,MPC,2,0.15596258024151405,144.22138553330825,48.07379517776942,6.760623719843156,0.250393471105302,93.25842696629213,0.7636851894259415,66.07057956518479,0.3936747920079991,44.50000000000036
1,3,MPC,3,0.14939137326644156,144.19778409553345,48.065928031844486,6.700680091500315,0.2481733367222339,93.25842696629213,0.7636852022648607,65.96118697369512,0.3936747950955426,44.50000000000036
